<?xml version="1.0" encoding="UTF-8"?>
<componentData>
  <component>
    <componentBaseName>hardwaresupportpkgs/testmeas/imaq_genericvideo</componentBaseName>
    <componentFileName>hardwaresupportpkgs/testmeas/imaq_genericvideo_maca64_1692048306.zip</componentFileName>
    <componentName>hardwaresupportpkgs/testmeas/imaq_genericvideo_maca64</componentName>
    <componentVersion>1692048306</componentVersion>
    <contentType>maca64</contentType>
    <demo>0</demo>
    <doc>0</doc>
    <doc_build>0</doc_build>
    <doc_search>0</doc_search>
    <gpu>0</gpu>
    <instrset>0</instrset>
    <locale />
    <locationId>1</locationId>
    <numFiles>2</numFiles>
    <platformList>
      <platform>maca64</platform>
    </platformList>
    <releaseFamily>R2023b</releaseFamily>
    <size>48835</size>
    <type />
    <uncompressedBytes>170419</uncompressedBytes>
  </component>
</componentData>
