<?xml version="1.0" encoding="UTF-8"?>
<productData>
  <altDependencies>
    <product>
      <productBaseCode>IA</productBaseCode>
      <productName>Image Acquisition Toolbox</productName>
      <productNumber>78</productNumber>
      <productVersion>23.2</productVersion>
      <releaseDescription>R2023b</releaseDescription>
      <releaseFamily>R2023b</releaseFamily>
    </product>
  </altDependencies>
  <dependsOn>
    <component>
      <name>hardwaresupportpkgs/licenses/asla_license_common</name>
      <componentFileName>hardwaresupportpkgs/licenses/asla_license_common_1690923756.zip</componentFileName>
      <contentType>common</contentType>
      <demo>0</demo>
      <doc>0</doc>
      <doc_build>0</doc_build>
      <doc_search>0</doc_search>
      <gpu>0</gpu>
      <instrset>0</instrset>
      <locale />
      <platformList>
        <platform>glnxa64</platform>
        <platform>maca64</platform>
        <platform>maci64</platform>
        <platform>win64</platform>
      </platformList>
      <size>5351</size>
      <uncompressedBytes>14057</uncompressedBytes>
      <version>1690923756</version>
    </component>
    <component>
      <name>hardwaresupportpkgs/testmeas/imaq_genericvideo_common</name>
      <componentFileName>hardwaresupportpkgs/testmeas/imaq_genericvideo_common_1690972636.zip</componentFileName>
      <contentType>common</contentType>
      <demo>0</demo>
      <doc>0</doc>
      <doc_build>0</doc_build>
      <doc_search>0</doc_search>
      <gpu>0</gpu>
      <instrset>0</instrset>
      <locale />
      <platformList>
        <platform>glnxa64</platform>
        <platform>maca64</platform>
        <platform>maci64</platform>
        <platform>win64</platform>
      </platformList>
      <size>3198</size>
      <uncompressedBytes>2013</uncompressedBytes>
      <version>1690972636</version>
    </component>
  </dependsOn>
  <installerUsage>
    <usage>professional</usage>
  </installerUsage>
  <isControllingProduct>false</isControllingProduct>
  <licenseAgreementType>ASLA</licenseAgreementType>
  <platformList>
    <platform>glnxa64</platform>
    <platform>maca64</platform>
    <platform>maci64</platform>
    <platform>win64</platform>
  </platformList>
  <productBaseCode>OSVIDEO</productBaseCode>
  <productName>Image Acquisition Toolbox Support Package for OS Generic Video Interface</productName>
  <productNumber>2044</productNumber>
  <productType>hardwareSupportPkg</productType>
  <productVersion>23.2.0</productVersion>
  <releaseDescription>R2023b</releaseDescription>
  <releaseFamily>R2023b</releaseFamily>
  <requiredProducts />
</productData>
