<?xml version="1.0" encoding="UTF-8"?>
<productAdditionalComps>
  <dependsOn>
    <component>
      <name>hardwaresupportpkgs/testmeas/imaq_matrox_win64</name>
      <componentFileName>hardwaresupportpkgs/testmeas/imaq_matrox_win64_1691057578.zip</componentFileName>
      <contentType>win64</contentType>
      <demo>0</demo>
      <doc>0</doc>
      <doc_build>0</doc_build>
      <doc_search>0</doc_search>
      <gpu>0</gpu>
      <instrset>0</instrset>
      <locale />
      <platformList>
        <platform>win64</platform>
      </platformList>
      <size>286777</size>
      <uncompressedBytes>1583368</uncompressedBytes>
      <version>1691057578</version>
    </component>
  </dependsOn>
  <isControllingProduct>false</isControllingProduct>
  <licenseAgreementType>ASLA</licenseAgreementType>
  <platform>win64</platform>
  <productBaseCode>MATROX</productBaseCode>
  <productName>Image Acquisition Toolbox Support Package for Matrox Hardware</productName>
  <productNumber>2049</productNumber>
  <productType>hardwareSupportPkg</productType>
  <productVersion>23.2.0</productVersion>
  <releaseDescription>R2023b</releaseDescription>
  <releaseFamily>R2023b</releaseFamily>
</productAdditionalComps>
