<?xml version="1.0" encoding="UTF-8"?>
<componentData>
  <component>
    <componentBaseName>hardwaresupportpkgs/testmeas/imaq_genericvideo</componentBaseName>
    <componentFileName>hardwaresupportpkgs/testmeas/imaq_genericvideo_win64_1691057457.zip</componentFileName>
    <componentName>hardwaresupportpkgs/testmeas/imaq_genericvideo_win64</componentName>
    <componentVersion>1691057457</componentVersion>
    <contentType>win64</contentType>
    <demo>0</demo>
    <doc>0</doc>
    <doc_build>0</doc_build>
    <doc_search>0</doc_search>
    <gpu>0</gpu>
    <instrset>0</instrset>
    <locale />
    <locationId>1</locationId>
    <numFiles>2</numFiles>
    <platformList>
      <platform>win64</platform>
    </platformList>
    <releaseFamily>R2023b</releaseFamily>
    <size>57954</size>
    <type />
    <uncompressedBytes>147227</uncompressedBytes>
  </component>
</componentData>
