<?xml version="1.0" encoding="UTF-8"?>
<componentData>
  <component>
    <componentBaseName>hardwaresupportpkgs/testmeas/imaq_genericvideo</componentBaseName>
    <componentFileName>hardwaresupportpkgs/testmeas/imaq_genericvideo_glnxa64_1690972636.zip</componentFileName>
    <componentName>hardwaresupportpkgs/testmeas/imaq_genericvideo_glnxa64</componentName>
    <componentVersion>1690972636</componentVersion>
    <contentType>glnxa64</contentType>
    <demo>0</demo>
    <doc>0</doc>
    <doc_build>0</doc_build>
    <doc_search>0</doc_search>
    <gpu>0</gpu>
    <instrset>0</instrset>
    <locale />
    <locationId>1</locationId>
    <numFiles>2</numFiles>
    <platformList>
      <platform>glnxa64</platform>
    </platformList>
    <releaseFamily>R2023b</releaseFamily>
    <size>53810</size>
    <type />
    <uncompressedBytes>143812</uncompressedBytes>
  </component>
</componentData>
