<?xml version="1.0" encoding="UTF-8"?>
<productAdditionalComps>
  <dependsOn>
    <component>
      <name>hardwaresupportpkgs/testmeas/imaq_genericvideo_glnxa64</name>
      <componentFileName>hardwaresupportpkgs/testmeas/imaq_genericvideo_glnxa64_1690972636.zip</componentFileName>
      <contentType>glnxa64</contentType>
      <demo>0</demo>
      <doc>0</doc>
      <doc_build>0</doc_build>
      <doc_search>0</doc_search>
      <gpu>0</gpu>
      <instrset>0</instrset>
      <locale />
      <platformList>
        <platform>glnxa64</platform>
      </platformList>
      <size>53810</size>
      <uncompressedBytes>143812</uncompressedBytes>
      <version>1690972636</version>
    </component>
  </dependsOn>
  <isControllingProduct>false</isControllingProduct>
  <licenseAgreementType>ASLA</licenseAgreementType>
  <platform>glnxa64</platform>
  <productBaseCode>OSVIDEO</productBaseCode>
  <productName>Image Acquisition Toolbox Support Package for OS Generic Video Interface</productName>
  <productNumber>2044</productNumber>
  <productType>hardwareSupportPkg</productType>
  <productVersion>23.2.0</productVersion>
  <releaseDescription>R2023b</releaseDescription>
  <releaseFamily>R2023b</releaseFamily>
</productAdditionalComps>
