<?xml version="1.0" encoding="UTF-8"?>
<componentData>
  <component>
    <componentBaseName>hardwaresupportpkgs/testmeas/imaq_genericvideo</componentBaseName>
    <componentFileName>hardwaresupportpkgs/testmeas/imaq_genericvideo_maci64_1691085081.zip</componentFileName>
    <componentName>hardwaresupportpkgs/testmeas/imaq_genericvideo_maci64</componentName>
    <componentVersion>1691085081</componentVersion>
    <contentType>maci64</contentType>
    <demo>0</demo>
    <doc>0</doc>
    <doc_build>0</doc_build>
    <doc_search>0</doc_search>
    <gpu>0</gpu>
    <instrset>0</instrset>
    <locale />
    <locationId>1</locationId>
    <numFiles>2</numFiles>
    <platformList>
      <platform>maci64</platform>
    </platformList>
    <releaseFamily>R2023b</releaseFamily>
    <size>53990</size>
    <type />
    <uncompressedBytes>181803</uncompressedBytes>
  </component>
</componentData>
