<?xml version="1.0" encoding="UTF-8"?>
<componentData>
  <component>
    <componentBaseName>hardwaresupportpkgs/testmeas/imaq_matrox_resources</componentBaseName>
    <componentFileName>hardwaresupportpkgs/testmeas/imaq_matrox_resources_common_1690923767.zip</componentFileName>
    <componentName>hardwaresupportpkgs/testmeas/imaq_matrox_resources_common</componentName>
    <componentVersion>1690923767</componentVersion>
    <contentType>common</contentType>
    <demo>0</demo>
    <doc>0</doc>
    <doc_build>0</doc_build>
    <doc_search>0</doc_search>
    <gpu>0</gpu>
    <instrset>0</instrset>
    <locale />
    <locationId>1</locationId>
    <numFiles>2</numFiles>
    <platformList>
      <platform>glnxa64</platform>
      <platform>maca64</platform>
      <platform>maci64</platform>
      <platform>win64</platform>
    </platformList>
    <releaseFamily>R2023b</releaseFamily>
    <size>1706</size>
    <type />
    <uncompressedBytes>3013</uncompressedBytes>
  </component>
</componentData>
